-96.8163060,33.0984060,3rd Base Sports Bar and Grill,2390 Parkwood Blvd,Frisco,TX,(214) 618-4450,Beer Bar,
-97.7841840,30.2946970,Abel's on the Lake,3825 Lake Austin Blvd,Austin,TX,(512) 904-0572,Beer Bar,
-95.6486053466797,29.7296295166016,Alamo Draft House,1000 W Oaks Mall,Houston,TX,(281) 556-0204,Beer Bar,
-98.6494369506836,29.4263191223145,Alamo Drafthouse - San Antonio,1255 SW Loop 410,San Antonio,TX,(210) 677-8500,Beer Bar,
-95.751721,29.776759,Alamo Drafthouse Cinema - Katy,531 South Mason Road,Katy,TX,281-492-6900,Beer Bar,
-97.792854309082,30.4594116210938,Alamo Drafthouse Cinema - Lake Creek,13729 Research Blvd #1500,Austin,TX,(512) 219-5408,Beer Bar,score: 89.2
-97.8690631,30.2005716,Alamo Drafthouse Cinema - Slaughter Lane,5701 W. Slaughter Lane,Austin,TX,(512) 476-1320,Beer Bar,
-98.4883020,29.4179312,Alamo Street Eat Bar,609 South Alamo St,San Antonio,TX,(210) 227-2469,Beer Bar,
-95.3631370,29.7586180,Angelo's Houston,711 Main St,Houston,TX,(713) 225-3500â€Ž,Beer Bar,
-95.3968780,29.7430210,Anvil Bar and Refuge,1424 Westheimer,Houston,TX,(713) 523-1622,Beer Bar,
-96.7850270,32.7841720,Anvil Pub,2638 elm street,Dallas,TX,(214) 741-1271,Beer Bar,
-97.7455060,30.2685170,Austin Ale House,301 W. 6th St,Austin,TX,(512) 480-9433,Beer Bar,
-97.357676,27.701178,B and J's Pizza,6335 S Padre Island Dr.,Corpus Christi,TX,(361) 992-6671,Beer Bar,
-97.7671737670898,30.4333095550537,B. B. Rovers,12636 Research Blvd.,Austin,TX,(512) 335-9504,Beer Bar,score: 73.3
-97.7413177490234,30.2685928344727,B. D. Riley's Irish Pub,204 E. 6th St,Austin,TX,(512) 494-1335,Beer Bar,score: 83.3
-95.5847210,29.9095310,"Backyard Grill, The",9453 Jones Rd.,Houston,TX,(281) 897-9200,Beer Bar,
-97.7384130,30.2589050,Banger's Sausage House and Beer Garden,79 Rainey Street,Austin,TX,(512) 386-1656,Beer Bar,
-95.3780930,29.7238590,Bar 5015,5015 ALMEDA RD,Houston,TX,713-522-5015,Beer Bar,
-98.4886779785156,29.4175815582275,Bar America,723 S. Alamo Street,San Antonio,TX,(210) 223-7462,Beer Bar,
-96.7846832275391,32.8205184936523,Barley House,2916 N. Henderson Avenue,Dallas,TX,(214) 824-0306,Beer Bar,
-97.7684183,30.2490607,Barley Swine,2024 S Lamar Boulevard,Austin,TX,(512) 394-8150,Beer Bar,score: 93.3
-97.1303841,31.5559853,Barnett's Pub,420 Franklin Avenue,Waco,TX,(254) 714-1356,Beer Bar,
-95.4847850,29.7310740,Barry's Pizza,6003 Richmond Avenue,Houston,TX,(713) 266-8692,Beer Bar,
-96.706102,33.040260,Bavarian Grill,221 West Parker Road,Plano,TX,(972) 881-0705,Beer Bar,score: 88.3
-97.7649532,30.4304889,BB Rover's Cafe and Pub,12171 Jollyville Rd,Austin,TX,512-335-9504,Beer Bar,
-95.3822200,29.7669500,Beaver's,2310 Decatur Street,Houston,TX,(713) 864-beav,Beer Bar,
-97.7366638183594,30.2675666809082,Beerland Texas,711 1/2 Red River,Austin,TX,(512) 479-7625,Beer Bar,
-97.1112375,32.6094387,BFF Asian Grill and Bar - Mansfield,1601 E. Debbie Ln. Suite 2105,Mansfield,TX,,Beer Bar,
-97.0742980,32.7613210,BFF Asian Grill and Bar - Six Flags,2150 E. Lamar Blvd Ste 100,Arlington,TX,,Beer Bar,
-97.3517761230469,32.7890357971191,Big Balls Of Cowtown,302 W. Exchange Avenue,Fort Worth,TX,(817) 624-2800,Beer Bar,
-98.4661614,29.5134192,Big Hops Growler Station,8313 Broadway,San Antonio,TX,(210) 320-1995,Beer Bar,
-97.7395706176758,30.3220119476318,Billy's on Burnet,2105 Hancock Dr.,Austin,TX,(512) 407-9305,Beer Bar,score: 82.5
-96.82830334,32.95390531,BJ's Brewhouse - Addison,4901 Belt Line Rd,Dallas,TX,(972) 392-4600,Beer Bar,
-98.7073443,29.4900636,BJ's Brewhouse - Alamo Ranch,5447 W Loop 1604 North,San Antonio,TX,(210) 523-5700,Beer Bar,
-96.6548862,33.1297933,BJ's Brewhouse - Allen,190 E. Stacy Rd Ste 3300,Allen,TX,(972) 678-4050,Beer Bar,
-97.3144142,32.9122285,BJ's Brewhouse - Alliance,9401 Sage Meadow Trail,Fort Worth,TX,(817) 750-0005,Beer Bar,
-97.7341533,30.3870857,BJ's Brewhouse - Arbor Walk,10515 Mopac Expressway,Austin,TX,(512) 349-9000,Beer Bar,score: 88.3
-95.1331787109375,29.5454883575439,BJ's Brewhouse - Clear Lake,515 W. Bay Area Blvd.,Webster,TX,(281) 316-3037,Beer Bar,score: 85.0
-96.3043711,30.6278917,BJ's Brewhouse - College Station,1520 Harvey Rd,College Station,TX,(979) 696-5700,Beer Bar,
-106.306956,31.723107,BJ's Brewhouse - El Paso,11905 Gateway Blvd West,El Paso,TX,(915) 633-8300,Beer Bar,
-97.3949218,32.6783655,BJ's Brewhouse - Hulen Mall,4720 South Hulen Street,Fort Worth,TX,(817) 292-9200,Beer Bar,
-97.2045780,32.8266805,BJ's Brewhouse - Hurst,"952 North East , Loop 820",Hurst,TX,(817) 595-3705,Beer Bar,
-96.9624252319336,33.0009117126465,BJ's Brewhouse - Lewisville,2609 S Stemmons Fwy,Lewisville,TX,(972) 459-9700,Beer Bar,score: 78.3
-98.258420,26.194322,BJ's Brewhouse - McAllen,3200 Expressway 83,McAllen,TX,(956) 687-2005,Beer Bar,
-96.6264165,32.8087775,BJ's Brewhouse - Mesquite,1106 Town East Mall,Mesquite,TX,(972) 682-5800,Beer Bar,
-98.1244531,29.7030024,BJ's Brewhouse - New Braunfels,2951 Cold Springs Dr,New Braunfels,TX,830-620-1400,Beer Bar,
-95.277590,29.692470,BJ's Brewhouse - Pearland,11200 Broadway,Houston,TX,(713) 436-7805,Beer Bar,
-96.7092971801758,33.0172996520996,BJ's Brewhouse - Plano,1101 N. Central Expressway,Plano,TX,(972) 424-4262,Beer Bar,score: 80.0
-97.6932080,30.5345230,BJ's Brewhouse - Round Rock,4201 North IH-35,Round Rock,TX,512-868-5705,Beer Bar,score: 85.0
-95.4532590,30.1820420,BJ's Brewhouse - Shenandoah,19075 IH-45 South,Shenandoah,TX,936-273-7100,Beer Bar,
-97.110577,32.678726,BJ's Brewhouse - So Arlington,201 Interstate 20 E,Arlington,TX,(817) 465-5225,Beer Bar,
-98.480230,29.447181,BJ's Brewhouse - Stone Oak,22406 US Highway 281 North,San Antonio,TX,(210) 497-6070,Beer Bar,
-98.4829959,29.5277524,BJ's Brewhouse - Stone Oak,22410 U.S. Highway 281 North,San Antonio,TX,210.497.6070,Beer Bar,
-95.619952,29.597598,BJ's Brewhouse - Sugar Land,2231 Highway 6,Sugar Land,TX,(281) 242-0400,Beer Bar,score: 88.3
-97.819241,30.231116,BJ's Brewhouse - Sunset Valley,5207 Brodie Lane no.300,Sunset Valley,TX,(512) 892-3800,Beer Bar,score: 85.8
-97.384046,31.091871,BJ's Brewhouse - Temple,3550 S General Bruce Dr,Temple,TX,(254) 778-3300,Beer Bar,score: 88.3
-98.6063190,29.6174650,BJ's Brewhouse - The Rim,17503 IH 10 West,San Antonio,TX,(210) 690-2600,Beer Bar,
-95.3020188,32.3028819,BJ's Brewhouse - Tyler,210 W Southwest Loop 323,Tyler,TX,(903) 939-2840,Beer Bar,score: 86.7
-97.1856463,31.5153300,BJ's Brewhouse - Waco,5929 West Waco Dr,Waco,TX,254-776-0205,Beer Bar,score: 88.3
-95.5422897338867,29.9641952514648,BJ's Brewhouse - Willowbrook,7637 FM 1960 West,Houston,TX,(281) 477-8777,Beer Bar,score: 90.0
-97.3308715820312,32.7512245178223,Black Dog Tavern,903 Throckmorton St.,Fort Worth,TX,(817) 332-8190,Beer Bar,
-97.77118027,30.24839016,Black Sheep Lodge,2108 South Lamar,Austin,TX,(512) 707-2744,Beer Bar,
-96.7704645,32.8141255,Blind Butcher,1919 Greenville Ave,Dallas,TX,214-887-0000,Beer Bar,
-95.3315660,29.7346260,Bohemeo's,708 Telephone Rd,Houston,TX,713-923-4277,Beer Bar,
-95.0530830,29.5654510,Boondoggle's Pub,4106 Nasa Parkway,El Lago,TX,(281) 326-2739,Beer Bar,
-96.6772663,33.1424716,Brass Tap - Allen,2540 N Watters Rd Ste 180,Allen,TX,972-752-0655,Beer Bar,
-97.6775531,30.5092000,"Brass Tap, The - Round Rock",204 E Main St,Round Rock,TX,512-341-2337,Beer Bar,
-98.5201049,29.6081323,Brasserie Pavil,1818 N Loop 1604 West,San Antonio,TX,(210) 479-5000,Beer Bar,
-95.4096465,29.7673062,BRC Gastropub,519 Shepherd Dr,Houston,TX,(713) 861-2233,Beer Bar,
-97.3326419,32.7304394,Brewed Food and Beverage Experience,801 W. Magnolia Ave,Fort Worth,TX,817-945-1545,Beer Bar,
-95.3623962402344,29.7645359039307,Brewery Tap,717 Franklin,Houston,TX,(713) 236-1537,Beer Bar,score: 68.3
-94.7959445,29.3069997,Brews Brothers,2404 Strand,Galveston,TX,(417) 230-6644,Beer Bar,
-97.0852549,32.9250247,Brick House Tavern and Tap - Grapevine,700 W State Highway 114,Grapevine,TX,817-442-9796,Beer Bar,
-95.4959130,29.8439688,Brick House Tavern and Tap - Houston 290,12910 Northwest Freeway,Houston,TX,(713) 462-0576,Beer Bar,score: 78.3
-95.5721842,29.9943450,Brix Wine Cellars,110 Vintage Park Blvd Ste T,Houston,TX,(281) 374-6100,Beer Bar,
-95.5914154052734,29.7366352081299,"Bull and Bear Tavern and Eatery, The","11980 Westheimer, Suite A",Houston,TX,(281) 496-6655,Beer Bar,score: 86.7
-96.6160423,33.1967744,Cadillac Pizza Pub,112 South Kentucky St,McKinney,TX,972-547-3833,Beer Bar,
-98.5080184936523,29.4625434875488,Casbeers,1719 Blanco Road,San Antonio,TX,(210) 732-3511,Beer Bar,
-97.117324,32.739052,Caves Lounge,900 West Division,Arlington,TX,817-460-5510,Beer Bar,
-95.3881378173828,29.7535362243652,Cecil's Tavern,600 West Gray,Houston,TX,(713) 527-9101,Beer Bar,
-96.599938,33.660603,Cellarman's American Pub,2130 Texoma Pkwy,Sherman,TX,903-813-0994,Beer Bar,
-98.619255065918,29.4673538208008,Chelsea Street Pub,6301 N.W. 410,San Antonio,TX,(210) 681-4060,Beer Bar,
-97.7164029,30.2932691,Cherrywood Coffeehouse,1400 East 38th 1/2,Austin,TX,(512) 476-7290,Beer Bar,
-98.617146,29.639819,Chester's Hamburger,9980 Ih 10 W,San Antonio,TX,(210) 699-1222,Beer Bar,
-97.7388990,30.2676090,"Chicago House, The",607 Trinity St,Austin,TX,(512) 358-6202,Beer Bar,score: 100.0
-96.7536285,32.8131527,Cock and Bull,6330 Gaston Ave,Dallas,TX,(214) 841-9111,Beer Bar,
-95.0449469,29.5639470,Cock and Bull,3659 NASA Parkway,Seabrook,TX,832-282-8202,Beer Bar,
-96.8060229,32.7982544,"Common Table, Common",2917 Fairmount St.,Dallas,TX,(214) 880-7414,Beer Bar,
-97.7034541,30.2884940,Contigo Austin,2027 Anchor Lane,Austin,TX,(512) 614-2260,Beer Bar,
-95.4101048,29.8183024,Cottonwood,3422 North Shepherd Drive,Houston,TX,(713) 802-0410,Beer Bar,
-96.7667483,32.7814509,Craft and Growler,3601 Parry Ave,Dallas,TX,(214) 821-1122,Beer Bar,
-97.7387770,30.2579250,Craft Pride,61 Rainey Street,Austin,TX,(512) 826-1238,Beer Bar,
-97.127330,31.557519,Crickets,221 Mary Ave,Waco,TX,2547544677,Beer Bar,
-97.7349243164062,30.2922382354736,Crown and Anchor Pub,2911 San Jacinto Blvd,Austin,TX,(512) 322-9168,Beer Bar,
-95.6491340,29.9603070,Cypress Saloon,12710 Telge Rd.,Cypress,TX,(281) 304-7766,Beer Bar,
-95.3757958,29.8034132,D&T Drive Inn,1307 Enid St,Houston,TX,(713) 868-6165,Beer Bar,
-96.7699464,32.8123111,Dallas Beer Kitchen,1802 Greenville Ave #110,Dallas,TX,214-484-2481,Beer Bar,
-97.1246400,31.5403770,"Dancing Bear Pub, The",1117 Speight Ave,Waco,TX,(254) 753-0025,Beer Bar,
-98.4895401000977,29.4251728057861,Dick's Last Resort,406 Navarro,San Antonio,TX,(210) 224-0026,Beer Bar,
-97.818550,30.499680,"Dig Pub, The",401 Cypress Creek Rd,Cedar Park,TX,(512) 996-9900,Beer Bar,score: 95.0
-97.819241,30.231116,Doc's Backyard,5207 Brodie Lane Suite 100,Sunset Valley,TX,(512) 892-5200,Beer Bar,
-97.7424240112305,30.2807216644287,Dog and Duck Pub,406 W 17th St,Austin,TX,(512) 479-0598,Beer Bar,score: 85.0
-97.0967336,33.1712697,Drunken Donkey - Denton,3350 Unicorn Lake Blvd,Denton,TX,(940) 383-3700,Beer Bar,
-96.9988539,33.0040372,Drunken Donkey - Lewisville,301 W. Round Grove Rd,Lewisville,TX,(972) 221-1900,Beer Bar,
-96.8855657,33.0693802,Drunken Donkey - The Colony,4897 Hwy 121 Ste #340,The Colony,TX,(972) 294-5676,Beer Bar,
-96.7700347900391,32.8231811523438,"Dubliner, The",2818 Greenville Avenue,Dallas,TX,(214) 818-0911,Beer Bar,
-98.4875030517578,29.4227619171143,Durty Nelly's Irish Pub,200 S. Alamo,San Antonio,TX,(210) 222-1400,Beer Bar,score: 65.0
-97.1315028,33.2157479,East Side Denton,117 E. Oak St,Denton,TX,(940) 218-1401,Beer Bar,
-97.7356115,30.2660424,Easy Tiger,709 East Sixth St,Austin,TX,512-614-4972,Beer Bar,score: 98.3
-97.4477005004883,32.7224006652832,Edelweiss,3108 Southwest Hwy,Fort Worth,TX,(817) 738-5934,Beer Bar,
-99.4443210,27.5612810,El Capataz,7220 Bob Bullock Loop #C7,Laredo,TX,956-723-7400,Beer Bar,
-97.743806,30.265422,"Elephant Room, The",315 Congress Avenue,Austin,TX,(512) 473-2279,Beer Bar,score: 83.3
-96.8285779,32.7484290,Eno's Pizza Tavern,407 N. Bishop Ave,Dallas,TX,(214) 943-9200,Beer Bar,
-97.393387,27.793987,Executive Surf Club,309 N. Water Street,Corpus Christi,TX,361-884-SURF,Beer Bar,
-97.7450180053711,30.2668056488037,Fado Irish Pub,214 W 4th Street,Austin,TX,512-457-0172,Beer Bar,score: 85.0
-96.7003410,33.0194680,"Fillmore Pub, The",1004 E 15th St,Plano,TX,(972) 423-2400,Beer Bar,
-95.407746,29.742580,Firkin and Phoenix,1915 Westheimer Rd,Houston,TX,(713) 526-3100,Beer Bar,
-96.8189163208008,32.9521255493164,Flying Saucer - Addison,14999 Montfort Drive,Addison,TX,(972) 934-2537,Beer Bar,score: 90.8
-97.331268,32.755580,Flying Saucer - Fort Worth,111 E 3rd Street,Fort Worth,TX,(817) 336-7468,Beer Bar,score: 90.0
-95.363166809082,29.7589874267578,Flying Saucer - Houston,705 Main St,Houston,TX,(713) 228-7468,Beer Bar,score: 90.0
-98.5776748657227,29.5466556549072,Flying Saucer - San Antonio,11255 Huebner Rd.,San Antonio,TX,(210) 647-7468,Beer Bar,score: 83.3
-95.6206012,29.5963344,Flying Saucer - Sugar Land,15929 City Walk,Sugar Land,TX,(281) 242-7468,Beer Bar,
-96.5384670,32.8642449,Flying Saucer - The Lake,4821 Bass Pro Drive,Garland,TX,(972) 226-0725,Beer Bar,score: 93.3
-97.093994140625,32.7846984863281,Fox And Hound - Arlington,1001 N.E. Green Oaks Blvd.,Arlington,TX,(817) 277-3591,Beer Bar,
-95.4512405395508,30.1777992248535,Fox and Hound - Conroe,19189 Interstate 45 S,Conroe,TX,(832) 813-0102,Beer Bar,
-95.5802841186523,29.736852645874,Fox And Hound - Houston,11470 Westheimer,Houston,TX,(281) 589-2122,Beer Bar,score: 85.0
-96.9844818115234,33.0207061767578,Fox And Hound - Lewisville,1640 Stemmons Freeway,Lewisville,TX,(972) 221-8346,Beer Bar,
-97.3308258056641,32.7536926269531,Fox and Hound - Main Street,604 Main St,Fort Worth,TX,(817) 338-9200,Beer Bar,
-96.8434371948242,33.00927734375,Fox And Hound - Midway Road,18918 Midway Road,Dallas,TX,(972) 732-0804,Beer Bar,
-97.4161758422852,32.6843147277832,Fox And Hound - SW Loop 820,"6051 SW Loop 820, Ste 322",Fort Worth,TX,(817) 423-3600,Beer Bar,
-98.4907549,29.4146430,"Friendly Spot, The",943 S Alamo St,San Antonio,TX,(210) 224-2337,Beer Bar,
-95.3778839111328,29.7528743743896,Front Porch Pub,217 Gray St,Houston,TX,(713) 571-9571,Beer Bar,
-97.1638840,26.0899130,Gabriella's Italian Grill and Pizzeria,700 Padre Blvd,South Padre Island,TX,956-761-6111,Beer Bar,
-97.7459869384766,30.2678604125977,"Ginger Man, The - Austin",304 W. 4th St.,Austin,TX,(512) 473-8801,Beer Bar,score: 92.9
-96.8023834228516,32.7980461120605,"Ginger Man, The - Dallas",2718 Boll Street,Dallas,TX,(214) 754-8771,Beer Bar,score: 95.8
-97.372357,32.746813,"Ginger Man, The - Fort Worth",3716 Camp Bowie Blvd,Fort Worth,TX,(817) 886-2327,Beer Bar,
-95.4147415161133,29.7157249450684,"Ginger Man, The - Houston",5607 Morningside,Houston,TX,(713) 526-2770,Beer Bar,
-96.8214150,33.0761970,"Ginger Man, The - Plano","7205 Bishop Rd., Ste E1",Plano,TX,(469) 814-8299,Beer Bar,
-97.1279769,32.9413503,"Ginger Man, The - Southlake",1512 E. Southlake Blvd,Southlake,TX,(817) 778-8846,Beer Bar,
-97.8034963,30.4771661,Glass Half Full Taproom - Lakeline,14028 N US Hwy 183 Bldg F,Austin,TX,(512) 476-1320,Beer Bar,
-95.2440800,29.4241626,Gordon Street Tavern,114 North Gordon,Alvin,TX,281-968-7402,Beer Bar,
-97.7801292,30.2453979,Gourdough's Public House,2700 South Lamar Blvd,Austin,TX,(512) 912-9070,Beer Bar,
-97.7154391,30.2625692,Gourmands Neighborhood Pub,2316 Webberville Rd,Austin,TX,512-610-2031,Beer Bar,
-98.2368699,26.2584024,Grain to Glass,5921 N 23rd St,McAllen,TX,(956) 322-3315,Beer Bar,
-98.4795390,29.4411058,"Granary 'Cue and Brew, The",602 Avenue A,San Antonio,TX,(210) 228-0124,Beer Bar,score: 68.3
-99.1421940,30.0465460,Grape Juice,623 Water Street,Kerrville,TX,(830) 792-9463,Beer Bar,
-95.3858930,29.7483462,Gratifi Kitchen and Bar,302 Fairview St,Houston,TX,(832) 203 5950,Beer Bar,
-96.7704079,32.8232899,Greenville Bar and Grill,2817 Greenville Ave,Dallas,TX,214-823-8580,Beer Bar,
-95.3900604248047,29.742130279541,Griff's Sports Bar,3416 Roseland,Houston,TX,(713) 528-9912,Beer Bar,
-95.8405351,29.7650005,Growler USA - Katy,"1443 FM 1463, Suite 100",Katy,TX,(281) 396-4277,Beer Bar,
-96.7396145,32.9771186,Guitars & Growlers,"581 W Campbell Rd, Suite 101",Richardson,TX,(469)904-5165,Beer Bar,
-95.4171981811523,29.721363067627,Han's Village Bier Haus,2523 Quenby St,Houston,TX,(713) 520-7474,Beer Bar,
-95.4002151489258,29.7341632843018,"Harp, The",1625 Richmond Ave,Houston,TX,(713) 528-PUBS,Beer Bar,
-97.1287429,33.2146311,Harvest House,331 E Hickory St,Denton,TX,940-218-6148,Beer Bar,
-96.3188660,30.6142310,Harvey Washbangers,1802 Texas Ave S,College Station,TX,(979) 696-6756,Beer Bar,
-95.3930451,29.7447500,"Hay Merchant, The",1100 Westheimer Rd,Houston,TX,(713) 528-9805,Beer Bar,
-96.7782165,32.8140956,Henderson Tap House,2323 N Henderson Ave,Dallas,TX,972-677-7947,Beer Bar,
-97.7189316,30.2602248,Hi Hat Public House,2121 East 6th St,Austin,TX,512-478-8700,Beer Bar,
-96.7829045,32.7845524,HIDE,2816 Elm St,Dallas,TX,2143968050,Beer Bar,
-98.6344146728516,29.5879745483398,Hills And Dales Ice House,15403 White Fawn,San Antonio,TX,(210) 695-8309,Beer Bar,
-95.4147920,29.7341361,Hobbit Cafe,2243 Richmond St,Houston,TX,(713) 526-5460,Beer Bar,
-96.8054478,33.0903732,"Holy Grail Pub, The","8240 Preston Road, Ste 150",Plano,TX,(972) 377-6633,Beer Bar,
-97.6767356,30.4957202,HomeField Grill,2000 S. IH-35,Round Rock,TX,(512) 388-4663,Beer Bar,
-97.7412470,30.2984440,Hopfields,3110 Guadalupe #400,Austin,TX,(512) 537-0467,Beer Bar,
-106.5087999,31.7924610,"Hoppy Monk, The",4141 N Mesa St,El Paso,TX,(915) 252-9995,Beer Bar,
-96.8323822021484,32.9541244506836,Humperdinks - Addison,3820 Belt Line Rd,Addison,TX,(972) 484-3051,Beer Bar,
-96.720525,32.969203,Humperdinks - Richardson,1601 N Central Expy,Richardson,TX,(972) 690-4867,Beer Bar,
-101.8515058,35.2095509,I Don't Know Sports Bar and Grill,1301 SW 6th Ave,Amarillo,TX,,Beer Bar,
-96.8015747070312,32.7965202331543,"Idle Rich Pub, The",2614 McKinney Ave,Dallas,TX,(214) 965-9926,Beer Bar,
-97.4516906738281,32.7198524475098,"Irish Pub, The",3601 Williams Rd.,Fort Worth,TX,(817) 560-8403,Beer Bar,
-97.103473,32.735547,J. Gilligans,400 East Abram Street,Arlington,TX,817-860-0110,Beer Bar,
-97.110856,32.735643,J.R. Bentley's ,406 West Abram Street,Arlington,TX,(817) 261-7351,Beer Bar,
-96.7961920,33.0066400,Jack Mac's Swill and Grill,19009 Preston Rd #209,Dallas,TX,(972) 267-2782,Beer Bar,
-100.4335823,31.4605551,Joe's Brewhouse,113 E. Concho 210 Suite L,San Angelo,TX,(325) 617-7729,Beer Bar,
-95.6439743041992,29.7390079498291,JP Hops House,2317 South Highway 6,Houston,TX,(281) 496-0623,Beer Bar,
-95.4160909,29.7174424,Kahn's Deli,2429 Rice Blvd,Houston,TX,(713) 529-2891,Beer Bar,
-97.4116287231445,32.6843872070312,"Keg Steakhouse, The",5760 Southwest Loop 820,Fort Worth,TX,(817) 731-3534,Beer Bar,
-96.6546549,33.1292648,Kelly's At the Village,190 Stacy Road,Allen,TX,972-912-3020,Beer Bar,
-96.6989851,33.0194104,Kelly's Eastside,1422 Avenue K,Plano,TX,972-424-9200,Beer Bar,
-95.4154891967773,29.7192363739014,"Kelvin Arms, The",2424 Dunstan Rd,Houston,TX,(713) 528-5002,Beer Bar,
-95.4103510,29.7464940,Kenneally's Irish Pub,2111 S Shepherd Dr,Houston,TX,713-630-0486,Beer Bar,
-95.6710570,29.9532570,Kilburn's Tavern and Grille,24110 Northwest Frwy Ste 500,Cypress,TX,281-256-8755,Beer Bar,
-98.48974609375,29.4247589111328,Leapin' Lizard,302 E. Commerce St.,San Antonio,TX,(210) 271-9494,Beer Bar,score: 65.0
-95.3796740,29.7678399,Liberty Station,2101 Washington,Houston,TX,713-640-5220,Beer Bar,
-97.7386130,30.2653478,Liberty Tavern,500 East 4th Street,Austin,TX,(512) 493-4901,Beer Bar,
-97.7441220,30.4444700,Lil' Woodrows (Parmer),6301 West Parmer Lane,Austin,TX,(512) 918-2337,Beer Bar,score: 78.3
-98.4625549316406,29.4748630523682,"Lion And Rose, The",5148 Broadway,San Antonio,TX,(210) 822-7673,Beer Bar,
-96.9448243,33.1553428,Little Elm Craft House,850 W. Eldorado Pkwy,Little Elm,TX,972-987-4368,Beer Bar,
-97.7476119995117,30.2703723907471,Little Woodrow's,520 W 6th St,Austin,TX,(512) 477-2337,Beer Bar,score: 83.3
-97.9422303,30.3056528,Little Woodrow's,"12801 Shops Parkway, Ste 100",Austin,TX,(512) 263-8374,Beer Bar,
-95.3548670,29.7524720,Little Woodrow's - Eado,2019 Walker St,Houston,TX,(713) 222-2224,Beer Bar,
-95.3771438598633,29.7498435974121,Little Woodrow's - Midtown,2306 Brazos,Houston,TX,(713) 552-1041,Beer Bar,
-95.3873370,29.7813810,Little Woodrow's - The Heights,2631 White Oak Dr.,Houston,TX,713-861-2653,Beer Bar,
-97.3330250,32.7301510,Live Oak Music Hall and Lounge,1311 Lipscomb St,Fort Worth,TX,(817) 926-0968,Beer Bar,
-95.4069130,29.7536908,Local Pour,1952 West Gray,Houston,TX,713-521-1881,Beer Bar,
-97.7413483,30.2915870,"Local Pub and Patio, The",2610 Guadalupe,Austin,TX,512-478-2337,Beer Bar,
-96.8386383056641,32.9517250061035,"Londoner, The",14930 Midway Rd,Addison,TX,(972) 458-2646,Beer Bar,
-96.838917,33.154296,"Londoner, The","5454 Main Street, Suite 123",Frisco,TX,(214) 618-5025,Beer Bar,
-96.8286070,32.7793225,LUCK (Local Urban Craft Kitchen),3011 Gulden Lane Ste 112,Dallas,TX,469-250-0679,Beer Bar,
-97.1455070,33.2142610,Lucky Lous,1207 W. Hickory,Denton,TX,(940) 484-5550,Beer Bar,
-97.7532694,30.2403231,Lucy's Fried Chicken,2218 College Ave,Austin,TX,(512) 297-2423,Beer Bar,
-98.4880447387695,29.4266185760498,Mad Dogs,123 Losoya Street,San Antonio,TX,(210) 222-0220,Beer Bar,score: 41.7
-96.796619,32.808934,"Magnolia Theatre, The",3699 McKinney,Dallas,TX,(214) 764-9106,Beer Bar,
-97.3259658813477,32.7501373291016,Malone's Pub,1303 Calhoun St,Fort Worth,TX,(817) 332-5330,Beer Bar,
-97.7474535,30.2613191,Marker 10,208 Barton Springs Rd,Austin,TX,(512) 477-1234,Beer Bar,
-95.4113388061523,29.7340240478516,McElroy's Pub,3607 S Sandman St,Houston,TX,(713) 524-2444,Beer Bar,
-95.4166793823242,29.7326622009277,McGonigel's Mucky Duck,2425 Norfolk St,Houston,TX,(713) 528-5999,Beer Bar,
-96.8201500,32.7969640,Meddlesome Moth,1621 Oak Lawn Ave,Dallas,TX,(214) 628-7900,Beer Bar,score: 100.0
-97.1073101,32.7380281,Mellow Mushroom - Arlington,200 North Center St,Arlington,TX,,Beer Bar,
-97.1105941,32.9392390,Mellow Mushroom - Southlake,2620 East Southlake Blvd,Southlake,TX,,Beer Bar,
-95.5149130,30.0117210,Mellow Mushroom - Spring-Klein,16000 Stuebner Airline Rd,Spring,TX,832-698-8888,Beer Bar,
-96.7667541503906,32.7815475463867,Meridian Room,3611 Parry Ave.,Dallas,TX,(214) 826-838,Beer Bar,
-97.7164140,30.3614050,Mister Tramps,8565 Research Blvd,Austin,TX,(512) 837-3500,Beer Bar,
-95.1620202,29.9832748,Mojo's Sports Grille,18323 West Lake Houston Pkwy,Humble,TX,(281) 812-0405,Beer Bar,
-94.790581,29.305275,Molly's Pub,2013 Postoffice St,Galveston,TX,(409) 763-4466,Beer Bar,
-95.249026,30.049012,Molly's Pub,29803 Loop 494,Humbel,TX,281-358-1990,Beer Bar,
-95.3410730,29.7542840,Moon Tower Inn,3004 Canal St,Houston,TX,(832) 266-0105,Beer Bar,
-95.5340194702148,29.7836627960205,Mr. C's Irish Pub,9733 Katy Freeway,Houston,TX,(713) 465-4919,Beer Bar,
-94.793073,29.307031,Murphy's Pub,213-15 22nd St,Galveston,TX,(409) 762-6177,Beer Bar,
-95.1168936,29.5385622,Nobi Public House,241 E NASA Rd,Webster,TX,832-932-5111,Beer Bar,
-94.790924,29.305337,O'Malley's Stage Door Pub,2022 Postoffice St,Galveston,TX,(409) 763-1731,Beer Bar,score: 70.0
-97.1297240,33.2152170,Oak St. Drafthouse,308 E. Oak St.,Denton,TX,(940) 395-1950,Beer Bar,
-97.3413036,31.0966502,Obrien's Irish Pub,11 East Central Avenue,Temple,TX,(254) 295-0518,Beer Bar,score: 85.0
-96.7845153808594,32.8198661804199,"Old Monk, The",2847 North Henderson,Dallas,TX,(214) 821-1880,Beer Bar,
-97.1059623,32.7385985,On Tap,"200 N. Mesquite, Suite 105",Arlington,TX,682-323-5561,Beer Bar,
-95.3909072875977,29.7817363739014,Onion Creek Coffee House,3106 White Oak,Houston,TX,(713) 880-0706,Beer Bar,
-97.8034147,30.3369376,Opal Divine's Davenport,3801 Capital of Texas Hwy N,Austin,TX,512-369-3709,Beer Bar,
-97.7495651245117,30.2709197998047,Opal Divine's Freehouse,700 W 6th St,Austin,TX,(512) 477-3308,Beer Bar,score: 90.0
-97.70092249,30.42482645,Opal Divine's Marina,12709 Mopac,Austin,TX,(512) 733-5353,Beer Bar,score: 80.0
-97.7611083984375,30.2287044525146,Opal Divine's Penn Field,3601 South Congress Ave Suite K100,Austin,TX,(512) 707-0237,Beer Bar,
-97.3308715820312,32.7512245178223,Paddy Red's Irish Pub,903 Throckmorton Street,Fort Worth,TX,(817) 332-4747,Beer Bar,
-95.424378,29.821469,Petrol Station Coffeehouse,985 Wakefield Dr.,Houston,TX,(713) 957-2875â€Ž,Beer Bar,score: 83.3
-98.4412570,29.5768840,Pizza Italia,2950 Thousand Oaks Dr # 10,San Antonio,TX,(210) 494-8646,Beer Bar,
-95.3977880,29.7701860,Porch Swing Pub,69 Heights Blvd,Houston,TX,713-880-8700,Beer Bar,
-97.7345809936523,30.2914791107178,Posse East,2900 Duval St.,Austin,TX,(512) 477-2111,Beer Bar,
-97.2201919555664,32.7331199645996,"Power Plant, The",6463 E Lancaster,Fort Worth,TX,(817) 492-9800,Beer Bar,
-96.7958493,32.8077663,Public School 214,3700 McKinney Ave #148,Dallas,TX,214-599-6234,Beer Bar,
-98.4794800,29.4977730,"Quarry Hofbrau and Beer Garden, The",7310 Jones Maltsberger,San Antonio,TX,(210) 290-8066,Beer Bar,
-95.4204840,29.7343580,"Queen Vic Pub, The",2712 Richmond,Houston,TX,(713) 533-0022,Beer Bar,
-98.7720080,29.8300890,Random,11 Upper Cibolo Creek Rd,Boerne,TX,210-724-6921,Beer Bar,
-95.4567903,30.3112655,"Red Brick Tavern, The",119 Simonton Street,Conroe,TX,936-539-2000,Beer Bar,
-95.4108581542969,29.745246887207,"Red Lion Pub, The",2316 S. Shepherd Drive,Houston,TX,(713) 782-3030,Beer Bar,
-97.7870419,30.2402614,Red's Porch,3508 South Lamar,Austin,TX,(512) 440-7337,Beer Bar,
-97.7515335083008,30.4285659790039,Riata Bar and Grill,12221 Riata Trace Pkwy,Austin,TX,(512) 336-3838,Beer Bar,
-95.482666015625,29.7317371368408,"Richmond Arms Pub, The",5920 Richmond Ave,Houston,TX,(713) 784-7722,Beer Bar,
-97.3303375244141,32.7514915466309,Rick O'Shea's Pub,904 Houston St,Fort Worth,TX,(817) 332-4747,Beer Bar,
-95.6495330,29.9574251,Rockwell Tavern,12640 Telge Road,Cypress,TX,(281) 256-9223,Beer Bar,
-97.3581669,32.7486565,Rodeo Goat,2836 Bledsoe St,Fort Worth,TX,,Beer Bar,
-96.8240469,32.7969620,Rodeo Goat,1926 Market Center Blvd.,Dallas,TX,,Beer Bar,
-97.1383238,32.8376617,Ron's Corner Tavern,1833 N. Airport Freeway,Bedford,TX,817-510-7124,Beer Bar,
-96.8402716,32.9548788,Ron's Place,4145 Beltline Rd,Addison,TX,214-628-0634,Beer Bar,
-98.2330611,26.2120430,Roosevelt's At 7,821 N Main St,McAllen,TX,956-928-1994,Beer Bar,
-94.7318798,32.5456003,Rotolo's Pizzeria,3407 N Fourth Street,Longview,TX,9032127448,Beer Bar,
-95.3966827392578,29.7501564025879,Rudyard's British Pub,2010 Waugh Dr,Houston,TX,(713) 521-0521,Beer Bar,
-96.8033634,33.0948018,Rugby House Pub,8604 Preston Rd. Ste. 100,Plano,TX,972-668-8034,Beer Bar,
-97.7365875244141,30.2780723571777,Scholz Garten,1607 San Jacinto,Austin,TX,(512) 474-1958,Beer Bar,score: 75.8
-97.9398132,29.8820275,Sean Patrick's,202 E. San Antonio St.,San Marcos,TX,(512) 392-7310,Beer Bar,
-97.3550109863281,32.7512359619141,"Shamrock Pub, The",2710 West 7th St,Fort Worth,TX,(817) 332-9544,Beer Bar,
-95.3632278442383,29.7605018615723,Shay Mcelroys Irish Pub,909 Texas St,Houston,TX,(713) 223-2444,Beer Bar,score: 76.7
-95.4103419,29.8173968,Shepherd Park,3402 N. Shepherd Dr.,Houston,TX,832-767-1380,Beer Bar,
-96.8216018676758,32.9538612365723,Sherlock's Baker Street Pub - Addison,"5100 Beltline Drive, Suite 776",Addison,TX,(972) 726-6100,Beer Bar,
-97.0993957519531,32.7583656311035,Sherlock's Baker Street Pub - Arlington,254 Lincoln Square Center,Arlington,TX,(817) 266-2300,Beer Bar,
-95.4150543212891,29.7165088653564,Sherlock's Baker Street Pub - Rice Village,5510 Morningside Dr # 100,Houston,TX,(713) 942-9900,Beer Bar,
-95.5498255,29.7369089,Sherlock's Baker Street Pub - Westheimer,10001 Westheimer  Rd,Houston,TX,(713) 977-1857,Beer Bar,
-95.5394515991211,29.9551372528076,Sherlock's Baker Street Pub - Willowbrook,17278 State Highway 249,Houston,TX,(281) 517-0828,Beer Bar,score: 63.3
-95.4081726074219,29.7529621124268,Sherlock's Pub,1997A West Gray,Houston,TX,(713) 521-1881,Beer Bar,
-95.3619079589844,29.7605609893799,Slainte Irish Pub,509 Main St,Houston,TX,(713) 222-1033,Beer Bar,score: 66.7
-96.8207005,32.9516327,Social House - Addison,5100 Belt Line Rd #410,Addison,TX,972-392-4300,Beer Bar,
-97.3583644,32.7507267,Social House - Fort Worth,840 Curie St,Fort Worth,TX,817-820-1510,Beer Bar,
-96.8025691,32.7974840,Social House - Uptown,2708 Routh St,Dallas,TX,214-999-0046,Beer Bar,
-96.6160640,33.1978600,Square Burger,115 N. Kentucky Street,McKinney,TX,(972) 542-0185,Beer Bar,
-95.4574737548828,29.7998123168945,SRO Sports Bar,9930 Hempstead,Houston,TX,(713) 683-5025,Beer Bar,
-95.4110641479492,29.7335376739502,Stag's Head,2128 Portsmouth St,Houston,TX,(713) 533-1199,Beer Bar,
-96.7700347900391,32.8240661621094,Stan's Blue Note,2908 Greenville Ave.,Dallas,TX,(214) 827-1977,Beer Bar,
-97.3285570,32.7464830,T and P Tavern,221 W Lancaster Ave,Fort Worth,TX,(817) 885-8878,Beer Bar,
-97.941844,29.883052,Tap Room ,129 E. Hopkins Ste. 120,San Marcos,TX,(512) 392-9824,Beer Bar,
-96.8863723,33.0632537,Taps and Caps - Lewisville,4740 Texas 121 #500,Lewisville,TX,(214) 618-8305,Beer Bar,
-95.4132280,29.7706410,Taps House of Beer,5120 Washington Ave,Houston,TX,(281) 701-4248,Beer Bar,
-97.828226,30.480687,Taps Pub,2011 Little Elm Trail,Cedar Park,TX,(512) 249-9340,Beer Bar,
-97.7500839233398,30.2774600982666,"Tavern, The",912 W 12th St,Austin,TX,(512) 320-8377,Beer Bar,
-96.7953336,33.0508315,Taverna Rossa - Plano,4005 Preston Rd Ste 512,Plano,TX,972-403-3321,Beer Bar,
-97.1336842,32.9351516,Taverna Rossa - South Lake,400 S Carroll Ave,Southlake,TX,972-850-7433,Beer Bar,
-95.7235937,29.7853165,Texas Mesquite Grill,20095 Katy Freeway,Katy,TX,281-829-0444,Beer Bar,
-98.0887858,30.1926029,The Barber Shop,207 Mercer Street,Dripping Springs,TX,(512) 829-4636,Beer Bar,
-96.7699482,32.8153697,The Bottle Shop,2116 Greenville Ave,Dallas,TX,214-828-2873,Beer Bar,
-98.0891456,30.1927733,The Dudley's,211 Mercer St,Dripping Springs,TX,512-858-9463,Beer Bar,
-98.2119356,26.2373954,The Quarter,100 E Nolana Ste 155,McAllen,TX,956-627-2454,Beer Bar,
-96.7614440917969,32.8122711181641,Tipperary Inn,5815 Live Oak Street,Dallas,TX,(214) 823-7167,Beer Bar,
-96.7771453857422,32.8368377685547,Trinity Hall,"5321 E. Mockingbird, #250",Dallas,TX,(214) 887-3600,Beer Bar,
-98.1189997,29.6687854,Twisted X,23455 W. RR 150,Dripping Springs,TX,(512) 829-5323,Beer Bar,
-96.674138,33.111071,Two Rows Classic Grill - Allen,711 Central Expressway,Allen,TX,(972) 396-8670,Beer Bar,
-96.6798589,33.092128,TwoRows Classic Grill & Bar,711 Central Expressway,Allen,TX,(972) 396-8670,Beer Bar,
-97.8745390,30.4054849,Uncle Billy's on the Lake,6550 Comanche Trail,Austin,TX,(512) 248-9583,Beer Bar,score: 91.7
-96.7969110,32.8089590,Union Bear,3699 McKinney Avenue #306,Dallas,TX,(214) 245-5330,Beer Bar,
-98.1896650,26.3061520,University Drafthouse,2405 W. University Drive Ste F,Edinburg,TX,956-380-4444,Beer Bar,
-95.400319,29.719198,Valhalla,"Keck Hall, Rice University",Houston,TX,,Beer Bar,
-98.4909286499023,29.4242839813232,Waxy O'Connors Irish Pub,234 E Commerce St,San Antonio,TX,(210) 299-3744,Beer Bar,score: 63.3
-95.4704030,29.7399620,"West End, The",5320 Westheimer Rd,Houston,TX,(713) 590-0616,Beer Bar,
-97.0693587,33.0743092,What's On Tap,2570 FM 407 Ste 170,Highland Village,TX,(972) 966-2400,Beer Bar,
-97.7390441894531,30.2391128540039,Whip In,1950 S. Interstate 35,Austin,TX,(512) 442-5337,Beer Bar,score: 93.3
-94.878101,29.23988,Woody's Bar,11149 FM 3005,Galveston,TX,(409) 740-6969,Beer Bar,
-95.3716980,29.7492280,Worhals,2016 Main St #101,Houston,TX,(832) 804-6110,Beer Bar,
-97.7220751,30.3178631,Workhorse Bar,100 N Loop Blvd E,Austin,TX,(512) 323-5700,Beer Bar,
-97.1333456,32.6636384,World of Beer - Arlington,5005 S. Cooper St. Suite 183,Arlington,TX,(817) 471-1101,Beer Bar,score: 86.7
-98.4808444,29.1838124,World of Beer San Antonio,22810 U.S. 281,San Antonio,TX,210-497-7611,Beer Bar,
-97.3633499145508,32.751335144043,Wreck Room,3208 W 7th St,Fort Worth,TX,(817) 870-4900,Beer Bar,
-96.8207005,32.9516327,Yard House - Addison,5100 Belt Line Rd,Addison,TX,972-716-4004,Beer Bar,
-97.3701629638672,32.7368621826172,Ye Olde Bull and Bush,2300 Montgomery St,Fort Worth,TX,(817) 731-9206,Beer Bar,
-97.747893,30.258808,Zax Pints And Plates,312 Barton Springs Rd.,Austin,TX,(512) 481-0100,Beer Bar,score: 88.3
-97.3353190,32.7303850,Zio Carlo Magnolia Brew Pub,1001 W Magnolia Ave,Fort Worth,TX,(817) 923-8000,Beer Bar,
-96.4035304,32.9050808,AB Beer and Wine,2305 Hwy 276,Rockwall,TX,(972) 722-4901,Beer Store,
-96.6815567016602,33.0069618225098,Angel's Beverage Center,2540 East Plano Parkway,Plano,TX,(972) 424-0248,Beer Store,
-97.1314688,33.2164032,Bearded Monk,122 E. McKinney St,Denton,TX,940-999-7238,Beer Store,
-99.7657063,32.4052278,Big Johnson Liquor and Beer,3351 Turner Dr,Abilene,TX,(325) 795-2441,Beer Store,score: 100.0
-96.768928527832,32.8508644104004,Central Market -  Dallas,5750 E. Lovers Lane,Dallas,TX,(214) 234-7000,Beer Store,
-97.7414855957031,30.3080062866211,Central Market - Austin,4001 N. Lamar,Austin,TX,(512) 206-1000,Beer Store,
-97.38910496234890,32.72978763822970,Central Market - Forth Worth,4651 West Freeway,Fort Worth,TX,(817) 989-4700,Beer Store,score: 91.7
-95.442138671875,29.7416458129883,Central Market - Houston,3815 Westheimer,Houston,TX,(713) 386-1700,Beer Store,
-96.7675323486328,33.0015678405762,Central Market - Plano,320 Coit Rd,Plano,TX,(469) 241-8300,Beer Store,score: 76.7
-98.4634094238281,29.4716777801514,Central Market - San Antonio,4821 Broadway St.,San Antonio,TX,(210) 368-8600,Beer Store,
-97.7998580932617,30.2319602966309,Central Market - South Austin,4477 South Lamar,Austin,TX,(512) 899-4300,Beer Store,
-96.6775600,33.1734120,Choice Beverage,4600 W Eldorado Parkway # 700,McKinney,TX,(972) 540-2655,Beer Store,
-97.7409210205078,30.3842144012451,Cost Plus World Market,9333 Research Blvd.,Austin,TX,(512) 502-9974,Beer Store,
-97.089164257049,32.929795904111700,Cost Plus World Market - Grapevine,1317 State Highway 114 West Suite 100,Grapevine,TX,(817) 416-1400,Beer Store,score: 88.3
-97.6591870,30.4514110,Dany's Liquor,"2700 W. Pecan St., Ste 303",Pflugerville,TX,512-251-7650,Beer Store,
-95.412611,29.690558,Fiesta Mart - Kirby,8130 Kirby Dr,Houston,TX,(713) 666-9260,Beer Store,
-97.3364486694336,32.8623085021973,Fossil Creek Liquor,1900 Western Center Blvd,Fort Worth,TX,(817) 306-8435,Beer Store,
-99.1424140,30.0333410,Grape and Grain Liquors,1225 Bandera Hwy. Suite E,Kerrville,TX,(830) 315-4727,Beer Store,
-97.1006570,32.9428310,Grapevine Beer and Wine,2100 W Northwest Hwy,Grapevine,TX,(817) 488-7557,Beer Store,score: 100.0
-97.7385430,30.3444070,Growler Room,6800 Burnet Rd Ste 2,Austin,TX,512-748-7852,Beer Store,
-95.3977710,29.7563710,Growler's Beer and Wine,1005 Waugh Dr. Suite D,Houston,TX,(713) 528-2922,Beer Store,
-97.1006870,32.8823262,Hall's Grocery Store,4200 Glade Rd.,Colleyville,TX,(817) 267-6803,Beer Store,score: 86.7
-97.8208640,30.4976660,Hamrick's Market,401 County Road 182 #100,Cedar Park,TX,(512) 250-5100,Beer Store,
-97.7244220,30.3067070,Hyde Park Market,4429 Duval St.,Austin,TX,(512) 459-2261,Beer Store,
-95.5318984985352,29.8736991882324,Joe Blows,14110 Stuebner,Houston,TX,(281) 440-8895,Beer Store,
-97.7444790,30.2961431,Juniors Beer and Wine,705 West 29th Street,Austin,TX,(512) 474-9724,Beer Store,
-96.9433094,32.6314994,Keg and Barrel,1538 S Clark Rd,Duncanville,TX,(972) 709-4805,Beer Store,
-96.728614,33.019533,Kegs and Barrels - 15th Street,1905 W. 15th Street,Plano,TX,(972) 578-3132,Beer Store,
-96.7084800,33.0411290,Kegs and Barrels - Parker Road,601 W. Parker Road,Plano,TX,(469) 467-2468,Beer Store,
-97.4311904907227,32.7218933105469,Kings Liquor,6659 Camp Bowie Blvd,Fort Worth,TX,(817) 732-0661,Beer Store,
-97.0360412597656,33.1297645568848,KJ's Fine Wine and Spirits,304 Swisher Road,Dallas,TX,(940) 498-4888,Beer Store,
-97.3197937011719,32.8243637084961,Liq-o-Rama,2400 Meacham Blvd,Fort Worth,TX,(817) 624-9800,Beer Store,
-97.7890635,30.2291324,Live Oak Market,4410 Manchaca Rd,Austin,TX,512-416-0300,Beer Store,
-96.8875180,32.9986950,Lone Star Beverages,3065 N Josey Lane #62,Carrollton,TX,(972) 395-0240,Beer Store,
-96.8292690,32.9490720,Majestic Liquor - Addison,14733 Inwood Road,Addison,TX,(972) 233-8967,Beer Store,
-97.6987734,32.7565622,Majestic Liquor - Hudson Oaks,3500 Fort Worth Highway,Hudson Oaks,TX,(817) 596-7377,Beer Store,
-97.4367218017578,32.8147239685059,Majestic Liquors - Lakeworth,6738-A Lakeworth Blvd.,Fort Worth,TX,(817) 237-3501,Beer Store,
-97.1472490,32.8894020,Market Street,5605 Colleyville Blvd,Colleyville,TX,(817) 577-5020,Beer Store,score: 85.0
-96.8398730,33.1548990,Market Street Frisco,11999 Dallas Parkway,Frisco,TX,(214) 872-1500,Beer Store,
-96.6957530,33.1752280,Market Street Mckinney,6100 W Eldorado Pkwy,Mckinney,TX,(972) 548-5140,Beer Store,
-97.1369180,33.2148500,Midway Mart,406 West Hickory Street,Denton,TX,(940) 387-5499,Beer Store,
-96.7674430,33.0185470,Mr G's Beverage and Deli Center,1453 Coit Rd,Plano,TX,(972) 867-2821,Beer Store,
-97.7398745,30.3001444,Party Barn - Austin,3300 Guadalupe Street,Austin,TX,(512) 451-8508,Beer Store,
-100.4672257,31.4521162,Party Barn - San Angelo,2302 Sherwood Way,San Angelo,TX,(325) 947-8342,Beer Store,
-98.4409561157227,29.5779075622559,Pizza Italia,2950 Thousand Oaks Dr Ste 10,San Antonio,TX,(210) 494-8646,Beer Store,
-97.726026,30.304771,Pronto Food Mart,4301 Duval St,Austin,TX,(512) 452-7974,Beer Store,
-96.6945648193359,33.0575370788574,S and K Beverages,101 W. Spring Creek Pky.,Plano,TX,(972) 517-2598,Beer Store,
-94.1558536,30.1265279,Spec's - Beaumont,5876 Eastex Freeway,Beaumont,TX,409-835-5931,Beer Store,
-95.5318984985352,29.7824420928955,Spec's - Bunker Hill,963 Bunker Hill Rd.,Houston,TX,(713) 464-2216,Beer Store,
-95.5072174072266,29.9832344055176,Spec's - Champions,5050 FM 1960 Rd W,Houston,TX,(281) 893-5080,Beer Store,
-97.1702812,32.7544693,Spec's - Fort Worth,1600 Eastchase Pkwy,Fort Worth,TX,817-801-3000,Beer Store,
-95.6454544067383,29.8761215209961,Spec's - Hwy 6 North,6765 Hwy 6 North,Houston,TX,(281) 855-1759,Beer Store,
-97.7196926,31.0879097,Spec's - Killeen,"2500 E Central Texas Expressway, Unit C",Killeen,TX,254-616-5871,Beer Store,
-95.2326354980469,30.0493316650391,Spec's - Kingwood,1420 Kingwood Drive,Houston,TX,(281) 359-7115,Beer Store,
-95.6069564819336,29.769962310791,Spec's - Memorial Drive,14625 Memorial Drive,Houston,TX,(281) 870-9778,Beer Store,
-96.8268200,33.0270310,Spec's - Plano,5930 W Park Blvd,Plano,TX,(972) 250-0500,Beer Store,
-95.376838684082,29.7486152648926,Spec's - Smith Street,2410 Smith St.,Houston,TX,(888) 526-8787,Beer Store,
-95.5914916992188,29.7366352081299,Spec's - Westheimer at Kirkwood,11990 Westheimer Rd,Houston,TX,(281) 497-0413,Beer Store,
-95.1203692,29.5548414,Spec's Liquor - Bay Area Blvd,1029 Bay Area Blvd,Houston,TX,(281) 486-9558,Beer Store,
-95.5823593139648,29.8895702362061,Spec's Liquor Store - Jersey Village,17414 Northwest Fwy,Houston,TX,(713) 983-8827,Beer Store,score: 98.3
-97.8203035,30.2336434,Spec's Wine Spirits and Finer Foods,4978 W US 290,Austin,TX,(512) 366-8260,Beer Store,
-97.714141,30.321985,Spec's Wine Spirits and Food,5775 Airport Blvd,Austin,TX,(512) 366-8800,Beer Store,score: 77.8
-97.7324420,30.3904900,Spec's Wines and Spirits,10515 N Mo Pac Expy # K,Austin,TX,(512) 342-6893,Beer Store,score: 74.2
-96.7693820,32.8784269,Specs - Dallas,9500 N Central Expy,Dallas,TX,(214) 369-2800,Beer Store,
-97.7959442138672,30.2344722747803,Sun Harvest Market,4006 South Lamar,Austin,TX,(512) 444-3079,Beer Store,
-97.7256520,30.3532710,Sunrise Mini Mart,1809 West Anderson Lane,Austin,TX,(512) 453-5176,Beer Store,score: 78.3
-97.6840080,30.4359610,Tejas Liquor #2,"2113 Wells Branch Pkwy, Ste 700",Austin,TX,512-989-9437,Beer Store,
-97.4005626,32.6729889,Total Wine - Fort Worth,5200 S Hulen St,Fort Worth,TX,817-292-2503,Beer Store,
-97.6885299682617,30.4132995605469,Twin Liquors,1700 W. Parmer Ln.,Austin,TX,(512) 835-1505,Beer Store,score: 86.7
-98.4849849,29.5592748,Twin Liquors #68,"12955 San Pedro, Ste 500",San Antonio,TX,210-403-2322,Beer Store,
-96.871271,32.952597,Webb Chapel Beer & Wine,1004 Webb Chapel Rd,Carrollton,TX,(469)879-7344,Beer Store,
-95.4559304,29.7980536,Whole Foods - Post Oak,1700 Post Oak Road,Houston,TX,(713) 346-0537,Beer Store,
-98.4797897338867,29.4941101074219,Whole Foods Market - Alamo Quarry,"255 E. Basse Road, Suite 130",San Antonio,TX,(210) 826-4676,Beer Store,
-97.0991363525391,32.7657356262207,Whole Foods Market - Arlington TX,801 East Lamar,Arlington,TX,(817) 461-9362,Beer Store,score: 80.0
-97.7433319091797,30.388952255249,Whole Foods Market - Gateway,9607 Research Blvd. #300,Austin,TX,(512) 345-5003,Beer Store,
-95.4185409545898,29.7390193939209,Whole Foods Market - Kirby,2955 Kirby Dr.,Houston,TX,(713) 520-1937,Beer Store,
-97.754508972168,30.2707252502441,Whole Foods Market - Lamar,525 N Lamar,Austin,TX,(512) 476-1206,Beer Store,
-95.3976023,29.7576622,Whole Foods Market - Montrose,701 Waugh Drive,Houston,TX,(713) 284-1260,Beer Store,
-98.5109559,29.6136020,Whole Foods Market - Vineyard,18403 Blanco Rd,San Antonio,TX,210-408-3110,Beer Store,
-95.5729141235352,29.7365379333496,Whole Foods Market - Westheimer,11145 Westheimer Road,Houston,TX,(713) 784-7776,Beer Store,
-97.756679,30.272575,Wiggy's Liquor,1130 W. Sixth St.,Austin,TX,(512) 474-WINE,Beer Store,
-96.7691955566406,32.8531265258789,World Market - Dallas,5500 Greenville Avenue Suite 300,Dallas,TX,(214) 378-5370,Beer Store,
-97.39067673683170,32.73158819066270,World Market - Fort Worth,4701 West Freeway,Fort Worth,TX,(817) 737-8370,Beer Store,score: 76.7
-95.13514055847480,30.59029120864840,Zipps Liquor,"14901 Hwy 150, Suite C",Coldspring,TX,(936) 270-8136,Beer Store,
-95.4797617,30.422657,Zipps Liquor,200 S. Danville St.,Willis,TX,(936) 890-6007,Beer Store,
-95.4720837,30.3502553,Zipps Liquor,"3001 N. Frazier St., Suite B",Conroe,TX,(936) 647-0200,Beer Store,
-95.6374434,30.2222023,Zipps Liquor,"10940 Farm to Market Rd 1488, Suite 2",Magnolia,TX,(936) 647-4546,Beer Store,
-95.418539,30.208015,Zipps Liquor,"10675 Highway 242, Suite B",Conroe,TX,(936) 273-2722,Beer Store,
-95.5054925,30.2309524,Zipps Liquor,"2750 FM 1488, Suite B",Conroe,TX,(936) 647-0051,Beer Store,
-95.6176565,30.3940159,Zipps Liquor,12718 Walden Rd,Montgomery,TX,(936) 582-4851,Beer Store,
-95.4016666,30.3241047,Zipps Liquor,"11343 Highway 105, Suite B","Conroe, TX",TX,(936) 202-3017,Beer Store,
-96.0877777,30.3887197,Zipps Liquor,310 E Washington Ave,Navasota,TX,(936) 727-2257,Beer Store,
-96.0778789,30.1051891,Zipps Liquor,355 Business Highway 290 N,Hempstead,TX,(979) 337-8218,Beer Store,
-94.8880504,30.0456046,Zipps Liquor,102 East Highway 90,Dayton,TX,(936) 270-8145,Beer Store,
-95.0572309,29.8095815,Zipps Liquor,"504 S. Main St., Suite B",Highlands,TX,(832) 699-5089,Beer Store,
-95.099333,30.815072,Zipps Liquor,"13451 US Highway 190 W, Suite 100","Onalaska, TX",TX,(936) 202-3002,Beer Store,
-96.252998,29.9468549,Zipps Liquor,116 South Front St.,Bellville,TX,(979) 865-8100,Beer Store,
-95.4694238,30.1270077,Zipps Liquor,1622 Sawdust Rd. A-1,The Woodlands,TX,(346) 331-4571,Beer Store,
-94.7271824,31.4654694,Zipps Liquor,9844 US-59,Nacogdoches,TX,(936) 560-3938,Beer Store,
-97.765178,30.221582,(512) Brewing Company,"407 Radam, F200",Austin,TX,512.922.8093,Brewery,score: 77.5
-97.7118457,30.3851408,4th Tap Brewing Co-Op,10615 Metric Blvd,Austin,TX,(512) 904-9817,Brewery,score: 86.7
-95.3557804,29.7492234,8th Wonder Brewery,2202 Dallas Street,Houston,TX,(713) 229-0868,Brewery,
-96.6070320,33.6171881,903 Brewers,1718 S Elm St,Sherman,TX,(214) 243-8090,Brewery,
-97.7201620,30.3826660,Adelbert's Brewery,"2314 Rutland Drive, #100",Austin,TX,(512) 662-1462,Brewery,
-98.4794497,29.429459,Alamo Beer Company,415 Burnet St,San Antonio,TX,(210) 872-5589,Brewery,
-95.271354675293,29.7754135131836,Anheuser-Busch - Houston,775 Gellhorn Dr,Houston,TX,(713) 675-2311,Brewery,score: 75.0
-97.1280933,33.2126294,Armadillo Ale Works,221 S Bell Ave,Denton,TX,(940)580-4446,Brewery,
-97.7302240,30.3797600,Austin Beerworks,3009 Industrial Terrace,Austin,TX,(512) 821-2494,Brewery,
-95.5513360,30.3393882,B-52 Brewing Co,12470 Milroy Lane,Conroe,TX,936-447-4677,Brewery,
-94.7942580,29.2863800,Beerfoot Beach Bar,2816 Ave R 1/2,Galveston,TX,(409) 762-2337,Brewery,
-103.7024108,30.3503704,Big Bend Brewing Co,3401 W Hwy 90,Alpine,TX,(432) 837-3700,Brewery,
-97.8424309,30.5617588,Bindlestick Brewing Co,1309 Leander Drive #504,Leander,TX,,Brewery,
-96.8468577,32.9561494,Bitter Sisters Brewing Company,15103 Surveyor Blvd,Addison,TX,(972) 479-0949,Brewery,
-96.3722980,30.6795090,Blackwater Draw Brewing Company (Downtown Bryan),701 N. Main,Bryan,TX,979-703-6170,Brewery,
-97.6469574,30.4919455,Bluebonnet Beer Co,1700 Bryant Drive #107,Round Rock,TX,,Brewery,
-98.8111960,29.7766927,Boerne Brewery,9 Hill Ln,Boerne,TX,(830) 331-8798,Brewery,
-96.7853860,32.7838170,Braindead Brewing,2625 Main St,Dallas,TX,214-749-0600,Brewery,score: 95.0
-98.4284350,29.5602656,Branchline Brewing Co,3633 Metro Parkway,San Antonio,TX,(361) 290-8817,Brewery,
-97.9020663,29.6882400,BS Brewing,1408 Old Lehmann Rd,Seguin,TX,(830) 660-8124,Brewery,
-95.4158628,29.7762025,Buffalo Bayou Brewing Co.,5301 Nolda St.,Houston,TX,,Brewery,
-96.2043214,32.3232958,Cedar Creek Brewery,244 E Cedar Creek Pkwy,Seven Points,TX,(214) 493-1199,Brewery,
-97.7159280,30.3910980,Circle Brewing Company,"2340 W Braker Ln., Suite B",Austin,TX,(512) 814-7599,Brewery,score: 86.7
-96.9930677,33.0439410,Cobra Brewing Company,146 Whatley Ave,Lewisville,TX,(972) 221-2337,Brewery,
-97.3289713,32.7431484,Collective Brewing Project,112 St. Louis Ave.,Fort Worth,TX,(817) 708-2914,Brewery,
-96.8157580,32.7909450,Community Beer Company,"1530 Inspiration Dr., Suite 200",Dallas,TX,,Brewery,score: 85.0
-95.6855649,30.5150901,Cyclers Brewing,17105 Osburn Rd,Montgomery,TX,(713) 569-2485,Brewery,
-96.7897648,32.7765566,Deep Ellum Brewing Company,2821 St. Louis Street,Dallas,TX,(214) 888-3322,Brewery,score: 91.7
-97.1422355,32.5643454,Dirty Job Brewing,117 N Main Street,Mansfield,TX,(682) 518-1791,Brewery,
-97.1020485,32.7361752,Division Brewing,506 E. Main Street,Arlington,TX,682-276-1276,Brewery,
-95.4168219,29.8018003,Eureka Heights Brewing Company,941 W 18th St,Houston,TX,(832) 953-4677,Brewery,
-98.077812,30.292163,Family Business Beer Company,19510 Hamilton Pool Road,Dripping Springs,TX,(512) 829-4202,Brewery,score: 96.7
-96.5760130,32.8995279,FireWheel Brewing Company,2806 Lawing Ln STE C,Rowlett,TX,(214) 725-9080,Brewery,
-96.7260584,32.9592249,Four Bullets Brewery,640 N Interurban St,Richardson,TX,,Brewery,
-96.8309000,32.7791290,Four Corners Brewing Company,423 Singleton Blvd,Dallas,TX,(214) 748-2739,Brewery,
-96.612716,33.214341,Franconia Brewing Company,495 McKinney Parkway,McKinney,TX,(972) 542-0705,Brewery,
-95.0634232,29.4576731,Galactic Coast Brewing Co,"1675 FM 1266, Suite C",Dickinson,TX,(832) 738-1960,Brewery,
-94.8491449,29.2556660,Galveston Island Brewing,8423 Stewart Rd,Galvston,TX,(409) 740-7000,Brewery,
-96.8983269,32.9310392,Grapevine Craft Brewery,"2405 Squire Pl, Suite 200",Farmers Branch,TX,(817) 823-7225,Brewery,
-97.0747090,32.9325230,Grapevine Craft Brewery,906 Jean St,Grapevine,TX,814-488-2337,Brewery,
-98.1633348,29.6847661,Guadalupe Brewing Co,1580 Wald Rd. Suite 1,New Braunfels,TX,(512) 878-9214,Brewery,score: 73.3
-97.7107680,30.2585130,Hops and Grain Brewing,507 Calles Street,Austin,TX,,Brewery,score: 68.3
-100.0420051,31.6473926,Horny Toad Brewing Co,313 Edward St,Rowena,TX,(325) 212-1177,Brewery,
-96.1897790,29.9409090,Huff Brewing Co,9805 Koehn Rd,Bellville,TX,(979) 885-8624,Brewery,
-97.7362289428711,30.2136287689209,Independence Brewing Co.,"3913 Todd Lane, No. 607",Austin,TX,(512) 707-0099,Brewery,score: 75.0
-97.9259401,30.4068424,Infamous Brewing Co,4602 Weletka Dr Suite #200-300,Austin,TX,(512) 487-8786,Brewery,
-97.9951290,30.2334310,Jester King Craft Brewery,13005 Fitzhugh Rd.,Austin,TX,(512) 364-7278,Brewery,score: 100.0
-99.7278970,32.4407200,Kahl Brewing Co,757 S Treadaway Blvd,Abilene,TX,(325) 518-9395,Brewery,
-95.4605980,29.8058500,Karbach Brewing,2032 Karbach Street,Houston,TX,(713) 680-2739,Brewery,
-96.6813487,32.8900452,Lakewood Brewing Company,2302 Executive Drive,Garland,TX,,Brewery,
-97.722008,30.2617385,Lazarus Brewing Co,1902 E 6th St,Austin,TX,(512) 394-7620,Brewery,
-97.1025448,32.7382217,Legal Draft Beer co.,500 East Division Street,Arlington,TX,817-962-2210,Brewery,
-97.6608198,30.2199510,Live Oak Brewing Company,1615 Crozier Ln,Del Valle,TX,(512) 385-2299,Brewery,
-95.7514080,30.2089220,Lone Pint Brewery,507 Commerce Street,Magnolia,TX,,Brewery,
-97.3098300,32.7636560,Martin House Brewing Company,220 S Sylvania Ave #209,Fort Worth,TX,(817) 222-0177,Brewery,
-98.0919325,29.9411883,Middleton Brewing LLC,9595 Ranch Road 12 Suite #4,Wimberley,TX,(512) 847-3435,Brewery,
-97.3210161,32.6431279,Miller Coors Brewery - Fort Worth,7001 South Freeway,Fort Worth,TX,,Brewery,
-98.1266103,29.7029686,New Braunfels Brewing Company,180 W Mill St,New Braunfels,TX,(830) 626-2739,Brewery,
-96.3504579,30.5648387,New Republic Brewing Co,11405 North Dowling Road,College Station,TX,(415) 273-9378,Brewery,
-96.6725926,33.0923450,Nine Band Brewing Co,9 Prestige Circle,Allen,TX,972-663-5707,Brewery,
-95.8163729,29.7866488,No Label Brewing Company,5373 First St,Katy,TX,(281) 693-7545,Brewery,
-96.8412726,32.8031229,Noble Rey Brewing Company,2636 Farrington St,Dallas,TX,(972) 677-7612,Brewery,
-97.8692726,30.2003471,NXNW South,"5701 W Slaughter, Bldg. D",Austin,TX,(512) 301-6969,Brewery,score: 66.7
-96.7045777,32.8901451,Oak Highlands Brewery,10484 Brockwood Road,Dallas,TX,(469) 802-9455,Brewery,
-96.7309159,32.8115518,On Rotation,7328 Gaston Ave Ste 110,Dallas,TX,972-807-2588,Brewery,
-98.8662361,30.2401564,Pedernales Brewing Co,97 Hitchin Post Trail,Fredericksburg,TX,(830) 992-0004,Brewery,
-96.8338856,32.7993319,Pegasus City Brewery,2222 Vantage St,Dallas,TX,(972)366-7722,Brewery,score: 88.3
-96.8285018,32.7964144,Peticolas Brewing Company,2026 Farrington Street,Dallas,TX,(214) 234-7600,Brewery,score: 88.3
-99.1409957,30.0494081,Pint and Plow,332 Clay St.,Kerrville,TX,830-315-7468,Brewery,
-97.2923519,33.0897379,Rabbit Hole Brewing Co,608 Topeka Ave,Justin,TX,(940) 441-3528,Brewery,
-97.3271942138672,32.7373313903809,Rahr and Sons Brewing Company,701 Galveston Ave,Fort Worth,TX,(817) 810-9266,Brewery,score: 91.7
-98.3969518,29.5295495,Ranger Creek Brewing and Distilling,4834 Whirlwind Dr,San Antonio,TX,(210) 775-2099,Brewery,
-98.414347,30.113076,Real Ale Brewing Company,231 San Saba Ct,Blanco,TX,(830) 833-2534,Brewery,score: 96.3
-97.7809360,30.5336923,Red Horn Coffee and Brewing,13010 W Parmer Ln #800,Cedar Park,TX,,Brewery,
-97.6699420,32.4189230,Revolver Brewing,5600 Matlock Rd,Granbury,TX,(817) 736-8034,Brewery,
-97.6287777,30.4022386,Rogness Brewing Co,2400 Patterson Industrial Drive,Pflugerville,TX,(512) 670-2537,Brewery,
-95.3484120,29.7710990,Saint Arnold Brewing Company,2000 Lyons Ave,Houston,TX,713-686-9494,Brewery,score: 98.3
-98.0433360,30.3792180,Solid Rock Brewing Co,2214 Bee Creek Rd,Spicewood,TX,(317) 225-1823,Brewery,
-97.7626240,30.2145516,South Austin Brewing Company,415 E St. Elmo Rd,Austin,TX,(512) 968-8297,Brewery,score: 70.0
-95.433537,30.346294,Southern Star Brewing Company,1207 N FM 3083 Rd E,Conroe,TX,(936).441-BREW,Brewery,score: 93.3
-97.16746711730960,29.43343111570310,Spoetzl Brewery,603 East Brewery Street,Shiner,TX,(800) 574-4637,Brewery,score: 100.0
-97.7618791,30.2164715,St Elmo Brewing Company,440 E. St. Elmo Rd. Suite G-2,Austin,TX,(737) 300-1965,Brewery,
-94.7662353515625,32.4978713989258,Steel Brewing Company,1400 West Cotton Street,Longview,TX,,Brewery,
-96.8180600,32.7861560,Texas Ale Project,1001 N Riverfront Blvd,Dallas,TX,(214) 893-3706,Brewery,
-95.7437020,29.6119373,Texian Brewing Co,1125 FM 359,Richmond,TX,(281) 762-2604,Brewery,
-97.9522041,30.2258165,Thirsty Planet Brewing,11160 Circle Drive,Austin,TX,,Brewery,score: 93.3
-95.3869794,29.8036771,Town in City Brewing,1125 W Cavalcade St,Houston,TX,8328347151,Brewery,
-96.6101274,33.1837643,Tupps Brewery,721 Anderson St,McKinney,TX,(214)856-7996,Brewery,
-97.7803050,30.5347380,Twisted X Brewing Co,3200 W Whitestone Blvd,Austin,TX,(512) 393-9224,Brewery,
-102.0226382,33.4978350,Wicked Beaver Brewing,"10611 P.R. 1320, Unit No. 1,",Wolfforth,TX,(806) 833-6969,Brewery,
-101.8704990,33.6052477,Yellow House Canyon Brew Works,601 N. University Ave.,Lubbock,TX,(806) 744-1917,Brewery,
-97.7245613,30.2620502,Zilker Brewing Co,1701 E 6th St,Austin,tx,512-765-4946,Brewery,
-95.3751182116394,30.933910336152300,Zipps Liquor,720 S. Robb St.,Trinity,TX,(936) 534-4434,Brewery,
-97.7690126,30.2451813,Austin Beer Garden Brewing Co,1305 W. Oltorf,Austin,TX,512-298-2242,Brewpub,score: 86.7
-97.3865929,27.6794953,B and J's Pizza Restaurant,6662 S Staples St,Corpus Christi,TX,(361) 985-6474,Brewpub,
-98.7184483,31.1967259,Bar D Brewhouse,213 N High St,San Saba,TX,(325) 372-1798,Brewpub,
-101.7550670,35.1935360,Big Texan Steak Ranch,7701 E Interstate 40,Amarillo,TX,(806) 372-6000,Brewpub,
-97.8178366,30.5248941,BJ's Restaurant and Brewhouse,1001 E Whitestone Blvd,Cedar Park,TX,(512) 379-2180,Brewpub,
-97.719344,30.338658,Black Star Co-op Pub and Brewery,"7020 Easy Wind Drive, Suite 100",Austin,TX,(512) 452-2337,Brewpub,score: 86.1
-96.3481050,30.6179630,Blackwater Draw Brewing Co.,303 Boyett,College Station,TX,(979) 703-6170,Brewpub,
-98.4957275390625,29.4101104736328,Blue Star Brewing Company,1414 S. Alamo #105,San Antonio,TX,(210) 212-5506,Brewpub,score: 72.5
-100.103599,31.526795,Bright Brewery Restaurant and Lodge,12119 FM 381,Eola,TX,(325) 469-3314,Brewpub,score: 70.0
-97.3352889,32.7303892,Chimera Brewing Co,1001 W Magnolia Ave,Fort Worth,TX,817-923-8000,Brewpub,
-99.7345799,32.4501270,Cypress Street Station/Abilene Brewing Company,158 Cypress St.,Abilene,TX,(325) 676-3463,Brewpub,score: 78.3
-98.7237243652344,29.7897605895996,"Dodging Duck Brewhaus, The",402 River Road,Boerne,TX,(830) 248-3825,Brewpub,score: 70.8
-98.2767660,30.5711030,Double Horn Brewing Company,208 Avenue H,Marble Falls,TX,(830) 693-5165,Brewpub,
-97.74267578125,30.310079574585,Draught House Pub and Brewery,4112 Medical Parkway,Austin,TX,(512) 452-6258,Brewpub,score: 85.6
-98.122816,29.701608,Faust Brewing Company,240 South Seguin Avenue,New Braunfels,TX,(830) 625-7791,Brewpub,score: 81.7
-97.6809454,30.4963137,Flix Brewhouse - Round Rock,2200 South IH-35 Suite B1,Round Rock,TX,(512) 244-FLIX,Brewpub,score: 95.0
-98.8698272705078,30.2733840942383,Fredericksburg Brewing Company,245 East Main Street,Fredericksburg,TX,(830) 997-1646,Brewpub,score: 80.0
-98.569502,29.537606,Freetail Brewing Co.,4025 North Loop 1604 West,San Antonio,TX,(210) 395-4974,Brewpub,score: 81.3
-96.82309,33.079735,Gordon Biersch - Plano,7401 Lone Star Dr,Plano,TX,(469) 467-0464,Brewpub,
-97.067985534668,32.7523307800293,Humperdinks/Big Horn Brewing -Arlington,700 Six Flags Dr,Arlington,TX,(817) 640-8553,Brewpub,score: 76.7
-96.8983383178711,32.8639030456543,Humperdinks/Big Horn Brewing -Dallas,2208 W Northwest Hwy,Dallas,TX,(214) 358-4159,Brewpub,
-96.7681198120117,32.8592300415039,Humperdinks/Big Horn Brewing -Dallas (Greenville),6050 Greenville Ave,Dallas,TX,(214) 368-1203,Brewpub,score: 73.3
-95.3607797,29.7636007,"League of Extraordinary Brewers, The","907 Franklin St, Suite 150",Houston,TX,(281) 406-0652,Brewpub,
-97.7386703491211,30.3908767700195,North by Northwest Restaurant and Brewery,10010 Capital Of TX Hwy N,Austin,TX,(512) 467-6969,Brewpub,score: 70.7
-97.1693572998047,26.1139717102051,Padre Island Brewing Company,3400 Padre Blvd,South Padre Island,TX,(956) 761-9585,Brewpub,score: 85.0
-98.4119301,30.2776806,Pecan Street Brewing,106 E Pecan,Johnson City,TX,(830) 868-2500,Brewpub,
-97.7389150,30.3186910,Pinthouse Pizza,4729 Burnet Road,Austin,TX,(512) 436-9605,Brewpub,
-97.061358,27.835297,Port Aransas Brewing Co.,429 Alister,Port Aransas,TX,(361)749-BREW,Brewpub,score: 78.3
-97.3941520,27.8029890,Railroad Seafood Station Brewing Co,1214 N Chaparral Street,Corpus Christi,TX,361-883-6200,Brewpub,
-97.9403569,29.8836847,Root Cellar Cafe and Brewery,215 N LBJ,San Marcos,TX,(512) 392-5158,Brewpub,
-101.844535827637,33.5789108276367,"Triple J Chophouse and Brew Co., The",1807 Buddy Holly Ave,Lubbock,TX,(806) 771-6555,Brewpub,score: 76.1
-97.760591,30.261724,Uncle Billy's Brew and Que,1530 Barton Springs Road,Austin,TX,512-476-0100,Brewpub,score: 90.3
-97.043759,32.956483,Uncle Buck's Brewery and Steakhouse,2501-1 Bass Pro Drive,Grapevine,TX,(214) 513-2337,Brewpub,score: 67.1
-98.0919325,29.9411883,Wimberley Brewing Company,9595 Ranch Road 12 Suite #10,Wimberley,TX,,Brewpub,
-100.4376660,31.4624779,Zero One Ale House,20 West Beauregard,San Angelo,TX,325-653-5123,Brewpub,
-97.730339050293,30.3573379516602,Austin Homebrew Supply,7951 Burnet Road,Austin,TX,800-890-BREW,Homebrew,score: 100.0
-95.045294,29.564376,"B and S Brewer's Guild, Inc.",3560 NASA Rd. 1,Seabrook,TX,(832) 225-1314,Homebrew,
-95.4445190429688,30.1363658905029,Brew-It Yourself,"25770 Interstate 45 North, #107",Spring,TX,(281) 367-2739,Homebrew,
-95.4398422241211,29.6892318725586,Defalco's,8715 Stella Link,Houston,TX,(713) 668-9440,Homebrew,
-97.1485280,32.7213216,Dr Jeckylls Beer Lab,2408 W Park Row Dr,Pantego,TX,(817) 274-7405,Homebrew,score: 100.0
-97.1729280,32.8657430,Foreman's,3801 Colleyville Blvd,Colleyville,TX,(817) 281-7252,Homebrew,
-96.768818,32.954818,Homebrew Headquarters,"300 N. Coit Road, Suite 134",Richardson,TX,(972) 234-4411,Homebrew,
-98.486140,29.451303,San Antonio Homebrew Supply,2809 N St Marys,San Antonio,TX,(210) 737-6604,Homebrew,score: 35.0
-101.8356426,33.5171676,Sograte BBQ and Brew,8405 Ash Ave,Lubbock,TX,(806) 319-5227,Homebrew,
-97.2691151,32.7837085,Texas Brewing Inc.,5200 Airport Freeway Suite B,Haltom City,TX,(682) 647-1267,Homebrew,
-95.7190061,29.8155323,Texas Homebrewers,3130 North Fry Road,Katy,TX,855-744-2739,Homebrew,
-97.3995742797852,27.7204208374023,Toddy Shoppe,5141 Weber Rd,Corpus Christi,TX,(361) 853-0721,Homebrew,
-98.6146940,33.9663330,Wichita Homebrew Supply,3274 Rogers Rd,Iowa Park,TX,940-592-5455,Homebrew,